<?xml version="1.0" encoding="UTF-8"?>
<!DOCTYPE suite SYSTEM "http://testng.org/testng-1.0.dtd">
<suite name="Suite">
<listeners>
        <listener class-name="listeners.CustomListeners"/>
    <!--   <listener class-name="listeners.AnnotationTransformer"/>       
       <listener class-name="org.uncommons.reportng.HTMLReporter"/>
      <listener class-name="org.uncommons.reportng.JUnitXMLReporter"/> -->
  </listeners>
  <test name="Test">
    <classes>
      <class name="testRepository.roleManagement_GR.TC009_roleManagement"/>
      <class name="testRepository.roleManagement_GR.TC044_roleManagement"/>
      <class name="testRepository.roleManagement_GR.TC047_roleManagement"/>
      <class name="testRepository.roleManagement_GR.TC034_roleManagement"/>
      <class name="testRepository.roleManagement_GR.TC031_roleManagement"/>
      <class name="testRepository.roleManagement_GR.TC002_roleManagement"/>
      <class name="testRepository.roleManagement_GR.TC046_roleManagement"/>
      <class name="testRepository.roleManagement_GR.TC014_roleManagement"/>
      <class name="testRepository.roleManagement_GR.TC029_roleManagement"/>
      <class name="testRepository.roleManagement_GR.TC030_roleManagement"/>
      <class name="testRepository.roleManagement_GR.TC043_roleManagement"/>
      <class name="testRepository.roleManagement_GR.TC018_roleManagement"/>
      <class name="testRepository.roleManagement_GR.TC032_roleManagement"/>
      <class name="testRepository.roleManagement_GR.TC013_roleManagement"/>
      <class name="testRepository.roleManagement_GR.TC007_roleManagement"/>
      <class name="testRepository.roleManagement_GR.TC022_roleManagement"/>
      <class name="testRepository.roleManagement_GR.TC026_roleManagement"/>
    </classes>
  </test> <!-- Test -->
</suite> <!-- Suite -->
