<?xml version="1.0" encoding="UTF-8" ?>
<!DOCTYPE suite SYSTEM "http://testng.org/testng-1.0.dtd">
<suite name="masterSuite" verbose="1" >
   <suite-files>
     <suite-file path="src/resources/runner/GR/timecardManagement_GR.xml"/> 
 <suite-file path="src/resources/runner/GR/transmissionLog_GR.xml"/>
   <suite-file path="src/resources/runner/GR/queueAssignment_GR.xml"/> 
   <suite-file path="src/resources/runner/GR/reDos_GR.xml"/>
    <suite-file path="src/resources/runner/GR/groupMaintenance_GR.xml"/>
     <suite-file path="src/resources/runner/GR/RecordProductiveTime_GR.xml"/>

     <suite-file path="src/resources/runner/GR/maintainReasonCodes_GR.xml"/>
     <suite-file path="src/resources/runner/GR/rolesManagement2_GR.xml"/>
      
       <suite-file path="src/resources/runner/GR/queueAssignment_GR.xml"/> 
       <suite-file path="src/resources/runner/GR/maintainErrorCodes_GR.xml"/>
  <suite-file path="src/resources/runner/GR/groupMaintenance_GR.xml"/>
     <suite-file path="src/resources/runner/GR/RecordProductiveTime_GR.xml"/>

     <suite-file path="src/resources/runner/GR/partnerMaintenance_GR.xml"/>
     <suite-file path="src/resources/runner/GR/reDos_GR.xml"/>
<!--
       <suite-file path="src/resources/runner/Functional/maintainErrorCodes_F.xml"/>
       <suite-file path="src/resources/runner/Functional/groupMaintenance_F.xml"/>
		<suite-file path="src/resources/runner/Functional/modifyTimecard_F.xml"/>
		<suite-file path="src/resources/runner/Functional/rolesManagement_F.xml"/>
	   -->
</suite-files>
</suite>