<?xml version="1.0" encoding="UTF-8"?>
<!DOCTYPE suite SYSTEM "http://testng.org/testng-1.0.dtd">
<suite name="Suite">
  <test name="Test">
    <classes>
      <class name="testRepository.Functional.groupMaintenance_F.TC001_groupMaintenance"/>
      <class name="testRepository.Functional.groupMaintenance_F.TC009_groupMaintenance"/>
      <class name="testRepository.Functional.groupMaintenance_F.TC010_groupMaintenance"/>
      <class name="testRepository.Functional.groupMaintenance_F.TC014_groupMaintenance"/>
      <class name="testRepository.Functional.groupMaintenance_F.TC015_groupMaintenance"/>
      <class name="testRepository.Functional.groupMaintenance_F.F_TC15_18_groupMaintenance"/>
      <class name="testRepository.Functional.groupMaintenance_F.TC016_groupMaintenance"/>
      <class name="testRepository.Functional.groupMaintenance_F.TC020_groupMaintenance"/>
      <class name="testRepository.Functional.groupMaintenance_F.TC022_groupMaintenance"/>
      <class name="testRepository.Functional.groupMaintenance_F.TC024_groupMaintenance"/>
      <class name="testRepository.Functional.groupMaintenance_F.TC026_groupMaintenance"/>
      <class name="testRepository.Functional.groupMaintenance_F.TC027_groupMaintenance"/>
      <class name="testRepository.Functional.groupMaintenance_F.F_TC36_37_groupMaintenance"/>
      <class name="testRepository.Functional.groupMaintenance_F.TC39_groupMaintenance"/>
      <class name="testRepository.Functional.groupMaintenance_F.F_TC38_groupMaintenance"/>
      <class name="testRepository.Functional.groupMaintenance_F.F_TC44_41_groupMaintenance"/>
      <class name="testRepository.Functional.groupMaintenance_F.R_TC045_groupMaintenance"/>
      <class name="testRepository.Functional.groupMaintenance_F.F_TC50_groupMaintenance"/>
    </classes>
  </test> <!-- Test -->
</suite> <!-- Suite -->
