<?xml version="1.0" encoding="UTF-8"?>
<!DOCTYPE suite SYSTEM "http://testng.org/testng-1.0.dtd">
<suite name="Suite">
<listeners>
        <listener class-name="listeners.CustomListeners"/>
    <!--   <listener class-name="listeners.AnnotationTransformer"/>       
       <listener class-name="org.uncommons.reportng.HTMLReporter"/>
      <listener class-name="org.uncommons.reportng.JUnitXMLReporter"/> -->
  </listeners>
  <test name="Test">
    <classes>
      <class name="testRepository.Functional.leaderDashboard_F.F_TC5_leaderDashboard"/>
      <class name="testRepository.Functional.leaderDashboard_F.F_TC06_leaderDashboard"/>
      <class name="testRepository.Functional.leaderDashboard_F.F_TC22_leaderDashboard"/>
    </classes>
  </test> <!-- Test -->
</suite> <!-- Suite -->
