<?xml version="1.0" encoding="UTF-8"?>
<!DOCTYPE suite SYSTEM "http://testng.org/testng-1.0.dtd">
<suite name="Suite">
<listeners>
        <listener class-name="listeners.CustomListeners"/>
    <!--   <listener class-name="listeners.AnnotationTransformer"/>       
       <listener class-name="org.uncommons.reportng.HTMLReporter"/>
      <listener class-name="org.uncommons.reportng.JUnitXMLReporter"/> -->
  </listeners>
  <test name="Test">
    <classes>
      <class name="testRepository.Functional.maintainErrorCodes_F.TC006_maintainErrorcodes"/>
      <class name="testRepository.Functional.maintainErrorCodes_F.TC007_maintainErrorcodes"/>
      <class name="testRepository.Functional.maintainErrorCodes_F.TC031_maintainErrorcodes"/>
       <class name="testRepository.Functional.maintainErrorCodes_F.TC032_maintainErrorcodes"/>
       <class name="testRepository.Functional.maintainErrorCodes_F.TC034_maintainErrorcodes"/>
       <class name="testRepository.Functional.maintainErrorCodes_F.TC035_maintainErrorcodes"/>
      <class name="testRepository.Functional.maintainErrorCodes_F.TC036_maintainErrorcodes"/>
      <class name="testRepository.Functional.maintainErrorCodes_F.TC053_maintainErrorcodes"/>
      <class name="testRepository.Functional.maintainErrorCodes_F.TC0331_maintainErrorcodes"/>
    </classes>
  </test> <!-- Test -->
</suite> <!-- Suite -->
