<?xml version="1.0" encoding="UTF-8"?>
<!DOCTYPE suite SYSTEM "http://testng.org/testng-1.0.dtd">
<suite name="Suite">
  <listeners>
        <listener class-name="listeners.CustomListeners"/>
    <!--   <listener class-name="listeners.AnnotationTransformer"/>       
       <listener class-name="org.uncommons.reportng.HTMLReporter"/>
      <listener class-name="org.uncommons.reportng.JUnitXMLReporter"/> -->
  </listeners>
  <test name="Test">
    <classes>
      <class name="testRepository.Functional.modifyTimecard_F.TC_11_timecardManagement"/>
      <class name="testRepository.Functional.modifyTimecard_F.TC04_timecardManagement"/>
      <class name="testRepository.Functional.modifyTimecard_F.TC12_timecardManagement"/>
      <class name="testRepository.Functional.modifyTimecard_F.TC14_timecardManagement"/>
      <class name="testRepository.Functional.modifyTimecard_F.TC20_timecardManagement"/>
      <class name="testRepository.Functional.modifyTimecard_F.TC23_timecardManagement"/>
      <class name="testRepository.Functional.modifyTimecard_F.TC30_timecardManagement"/>
      <class name="testRepository.Functional.modifyTimecard_F.TC31_timecardManagement"/>
      <class name="testRepository.Functional.modifyTimecard_F.TC32_timeCardManagement"/>
     <class name="testRepository.Functional.modifyTimecard_F.TC37_timecardManagement"/>
   </classes>
  </test> <!-- Test -->
</suite> <!-- Suite -->
