<?xml version="1.0" encoding="UTF-8"?>
<!DOCTYPE suite SYSTEM "http://testng.org/testng-1.0.dtd">
<suite name="Suite">
<listeners>
        <listener class-name="listeners.CustomListeners"/>
    <!--   <listener class-name="listeners.AnnotationTransformer"/>       
       <listener class-name="org.uncommons.reportng.HTMLReporter"/>
      <listener class-name="org.uncommons.reportng.JUnitXMLReporter"/> -->
  </listeners>
  <test name="Test">
    <classes>
      <class name="testRepository.Functional.rolesManagement_F.F_TC_024_roleManagement"/>
      <class name="testRepository.Functional.rolesManagement_F.F_TC_027_roleManagement"/>
     <class name="testRepository.Functional.rolesManagement_F.F_TC_047_roleManagement"/>
     <class name="testRepository.Functional.rolesManagement_F.F_TC_048_roleManagement"/>
    </classes>
  </test> <!-- Test -->
</suite> <!-- Suite -->
