<?xml version="1.0" encoding="UTF-8"?>
<!DOCTYPE suite SYSTEM "http://testng.org/testng-1.0.dtd">
<suite name="Suite">
<listeners>
        <listener class-name="listeners.CustomListeners"/>
    <!--   <listener class-name="listeners.AnnotationTransformer"/>       
       <listener class-name="org.uncommons.reportng.HTMLReporter"/>
      <listener class-name="org.uncommons.reportng.JUnitXMLReporter"/> -->
  </listeners>
  <test name="Test">
    <classes>
      <class name="testRepository.GR.adminDashboard_GR.G_TC_07_AdminDashboard"/>
      <class name="testRepository.GR.adminDashboard_GR.G_TC_02_TC_04_AdminDashboard"/>
      <class name="testRepository.GR.adminDashboard_GR.R_TC_01_03_AdminDashboard"/>
       <class name="testRepository.GR.adminDashboard_GR.R_TC_05_AdminDashboard"/>
       <class name="testRepository.GR.adminDashboard_GR.R_TC_06_08_AdminDasboard"/>
        <class name="testRepository.GR.adminDashboard_GR.R_TC_10_AdminDashboard"/>
        <class name="testRepository.GR.adminDashboard_GR.R_TC_11_AdminDashboard"/>
       <class name="testRepository.GR.adminDashboard_GR.R_TC_12_AdminDashboard"/>
        <class name="testRepository.GR.adminDashboard_GR.R_TC_13_AdminDashboard"/>
        <class name="testRepository.GR.adminDashboard_GR.R_TC_15_AdminDashboard"/>
        <class name="testRepository.GR.adminDashboard_GR.R_TC_28_AdminDashboard"/>
        <class name="testRepository.GR.adminDashboard_GR.R_TC_29_AdminDashboard"/>
        <class name="testRepository.GR.adminDashboard_GR.R_TC_33_AdminDashboard"/>
        <class name="testRepository.GR.adminDashboard_GR.R_TC_36_AdminDashboard"/>
       <class name="testRepository.GR.adminDashboard_GR.R_TC_39_AdminDashboard"/>
      <class name="testRepository.GR.adminDashboard_GR.R_TC_52_AdminDashboard"/>
      <class name="testRepository.GR.adminDashboard_GR.R_TC_53_AdminDashboard"/>
    </classes>
  </test> <!-- Test -->
</suite> <!-- Suite -->
