<?xml version="1.0" encoding="UTF-8"?>
<!DOCTYPE suite SYSTEM "http://testng.org/testng-1.0.dtd">
<suite name="Suite">
<listeners>
        <listener class-name="listeners.CustomListeners"/>
    <!--   <listener class-name="listeners.AnnotationTransformer"/>       
       <listener class-name="org.uncommons.reportng.HTMLReporter"/>
      <listener class-name="org.uncommons.reportng.JUnitXMLReporter"/> -->
  </listeners>
  <test name="Test">
    <classes>
     <class name="testRepository.GR.bulkUpdate_GR.G_TC9_TC11_TC14_TC26"/>
     <class name="testRepository.GR.bulkUpdate_GR.R_TC_01"/>
     <class name="testRepository.GR.bulkUpdate_GR.R_TC_02"/>
     <class name="testRepository.GR.bulkUpdate_GR.R_TC_07p1"/>
     <class name="testRepository.GR.bulkUpdate_GR.R_TC_07p2"/>
     <class name="testRepository.GR.bulkUpdate_GR.R_TC_16p1"/>
     <class name="testRepository.GR.bulkUpdate_GR.R_TC_16p2"/>
     <class name="testRepository.GR.bulkUpdate_GR.R_TC_25"/>
     <class name="testRepository.GR.bulkUpdate_GR.R_TC_27_28"/>
    </classes>
  </test> <!-- Test -->
</suite> <!-- Suite -->