<?xml version="1.0" encoding="UTF-8"?>
<!DOCTYPE suite SYSTEM "http://testng.org/testng-1.0.dtd">
<suite name="Suite">
<listeners>
        <listener class-name="listeners.CustomListeners"/>
    <!--   <listener class-name="listeners.AnnotationTransformer"/>       
       <listener class-name="org.uncommons.reportng.HTMLReporter"/>
      <listener class-name="org.uncommons.reportng.JUnitXMLReporter"/> -->
  </listeners>
  <test name="Test">
    <classes>
      <class name="testRepository.GR.groupMaintenance_GR.G_TC_004_groupMaintenance"/>
      <class name="testRepository.GR.groupMaintenance_GR.G_TC_010_groupMaintenance"/>
      <class name="testRepository.GR.groupMaintenance_GR.G_TC_025_groupMaintenance"/>
      <class name="testRepository.GR.groupMaintenance_GR.R_TC_005_groupMaintenance"/>
      <class name="testRepository.GR.groupMaintenance_GR.R_TC_007_groupMaintenance"/>
      <class name="testRepository.GR.groupMaintenance_GR.R_TC_011_groupMaintenance"/>
      <class name="testRepository.GR.groupMaintenance_GR.R_TC_013_groupMaintenance"/>
     <class name="testRepository.GR.groupMaintenance_GR.R_TC_027_groupMaintenance"/>
    </classes>
  </test> <!-- Test -->
</suite> <!-- Suite -->