<?xml version="1.0" encoding="UTF-8"?>
<!DOCTYPE suite SYSTEM "http://testng.org/testng-1.0.dtd">
<suite name="Suite">
<listeners>
        <listener class-name="listeners.CustomListeners"/>
    <!--   <listener class-name="listeners.AnnotationTransformer"/>       
       <listener class-name="org.uncommons.reportng.HTMLReporter"/>
      <listener class-name="org.uncommons.reportng.JUnitXMLReporter"/> -->
  </listeners>
  <test name="Test">
    <classes>
      <class name="testRepository.GR.InternalWorkItem.R_TC77_internalWorkitem"/>
      <class name="testRepository.GR.InternalWorkItem.R_TC_35_36_internalWorkitem"/>
      <class name="testRepository.GR.InternalWorkItem.TC55_internalWorkitem"/>
      <class name="testRepository.GR.InternalWorkItem.TC25_internalWorkitem"/>
      <class name="testRepository.GR.InternalWorkItem.G_TC44_internalWorkitem"/>
      <class name="testRepository.GR.InternalWorkItem.G_TC11_internalWorkItem"/>
      <class name="testRepository.GR.InternalWorkItem.TC52_internalWorkitem"/>
      <class name="testRepository.GR.InternalWorkItem.R_TC78_internalWorkitem"/>
      <class name="testRepository.GR.InternalWorkItem.R_TC_45_46_internalWorkitem"/>
      <class name="testRepository.GR.InternalWorkItem.TC56_internalWorkitem"/>
      <class name="testRepository.GR.InternalWorkItem.TC_51_internalWorkitem"/>
      <class name="testRepository.GR.InternalWorkItem.R_TC70_internalWorkitem"/>
      <class name="testRepository.GR.InternalWorkItem.TC41_40_internalWorkitem"/>
      <class name="testRepository.GR.InternalWorkItem.R_TC72_internalWorkitem"/>
    </classes>
  </test> <!-- Test -->
</suite> <!-- Suite -->
