<?xml version="1.0" encoding="UTF-8"?>
<!DOCTYPE suite SYSTEM "http://testng.org/testng-1.0.dtd">
<suite name="Suite">
  <test name="Test">
    <classes>
      <class name="testRepository.GR.leaderDashboard_GR.TC044_leaderDashboard"/>
      <class name="testRepository.GR.leaderDashboard_GR.TC112_leaderDashboard"/>
      <class name="testRepository.GR.leaderDashboard_GR.TC009_leaderDashboard"/>
      <class name="testRepository.GR.leaderDashboard_GR.TC19_leaderDashboard_1"/>
      <class name="testRepository.GR.leaderDashboard_GR.TC059_leaderDashboard"/>
      <class name="testRepository.GR.leaderDashboard_GR.TC063_leaderDashboard"/>
      <class name="testRepository.GR.leaderDashboard_GR.TC082_leaderDashboard"/>
      <class name="testRepository.GR.leaderDashboard_GR.TC097_leaderDashboard"/>
      <class name="testRepository.GR.leaderDashboard_GR.TC022_leaderDashboard"/>
      <class name="testRepository.GR.leaderDashboard_GR.TC051_leaderDashboard"/>
      <class name="testRepository.GR.leaderDashboard_GR.TC006_leaderDashboard"/>
      <class name="testRepository.GR.leaderDashboard_GR.TC030_leaderDashboard_WorkItemsTableClaimCurrentStatusPage"/>
      <class name="testRepository.GR.leaderDashboard_GR.TC17_leaderDashboard_1"/>
      <class name="testRepository.GR.leaderDashboard_GR.TC019_leaderDashboard"/>
      <class name="testRepository.GR.leaderDashboard_GR.TC053_leaderDashboard"/>
      <class name="testRepository.GR.leaderDashboard_GR.TC016_leaderDashboard"/>
      <class name="testRepository.GR.leaderDashboard_GR.TC047_leaderDashboard"/>
      <class name="testRepository.GR.leaderDashboard_GR.TC084_leaderDashboard"/>
      <class name="testRepository.GR.leaderDashboard_GR.TC041_leaderDashboard"/>
      <class name="testRepository.GR.leaderDashboard_GR.TC103_leaderDashboard"/>
      <class name="testRepository.GR.leaderDashboard_GR.TC072_leaderDashboard"/>
      <class name="testRepository.GR.leaderDashboard_GR.TC106_leaderDashboard"/>
      <class name="testRepository.GR.leaderDashboard_GR.TC007_leaderDashboard"/>
      <class name="testRepository.GR.leaderDashboard_GR.TC036_leaderDashboard_WorkItemsTablePendedItemsScreenpage"/>
      <class name="testRepository.GR.leaderDashboard_GR.TC048_leaderDashboard"/>
      <class name="testRepository.GR.leaderDashboard_GR.TC005_leaderDashboard"/>
      <class name="testRepository.GR.leaderDashboard_GR.TC086_leaderDashboard"/>
      <class name="testRepository.GR.leaderDashboard_GR.TC054_leaderDashboard_dailysucc"/>
      <class name="testRepository.GR.leaderDashboard_GR.TC107_leaderDashboard"/>
      <class name="testRepository.GR.leaderDashboard_GR.TC026_leaderDashboard"/>
      <class name="testRepository.GR.leaderDashboard_GR.TC045_leaderDashboard"/>
      <class name="testRepository.GR.leaderDashboard_GR.TC035_leaderDashboard_NavigationtoPendedItemsScreenbottom"/>
      <class name="testRepository.GR.leaderDashboard_GR.TC011_leaderDashboard"/>
      <class name="testRepository.GR.leaderDashboard_GR.TC113_leaderDashboard"/>
      <class name="testRepository.GR.leaderDashboard_GR.TC014_leaderDashboard"/>
      <class name="testRepository.GR.leaderDashboard_GR.TC015_leaderDashboard"/>
      <class name="testRepository.GR.leaderDashboard_GR.TC042_leaderDashboard"/>
      <class name="testRepository.GR.leaderDashboard_GR.TC004_leaderDashboard_MyPerformanceTodayDashboardPage"/>
      <class name="testRepository.GR.leaderDashboard_GR.TC061_leaderDashboard"/>
      <class name="testRepository.GR.leaderDashboard_GR.TC089_leaderDashboard"/>
      <class name="testRepository.GR.leaderDashboard_GR.TC095_leaderDashboard"/>
      <class name="testRepository.GR.leaderDashboard_GR.TC027_leaderDashboard"/>
    </classes>
  </test> <!-- Test -->
</suite> <!-- Suite -->
