<?xml version="1.0" encoding="UTF-8"?>
<!DOCTYPE suite SYSTEM "http://testng.org/testng-1.0.dtd">
<suite name="Suite">
<listeners>
        <listener class-name="listeners.CustomListeners"/>
    <!--   <listener class-name="listeners.AnnotationTransformer"/>       
       <listener class-name="org.uncommons.reportng.HTMLReporter"/>
      <listener class-name="org.uncommons.reportng.JUnitXMLReporter"/> -->
  </listeners>
  <test name="Test">
    <classes>
     <class name="testRepository.GR.maintainErrorCodes_GR.G_TC_10_maintainErrorcodes"/>
     <class name="testRepository.GR.maintainErrorCodes_GR.G_TC_11_maintainErrorcodes"/>
     <class name="testRepository.GR.maintainErrorCodes_GR.G_TC_23_maintainErrorcodes"/>
     <class name="testRepository.GR.maintainErrorCodes_GR.R_TC_03_maintainErrorcodes"/>
      <class name="testRepository.GR.maintainErrorCodes_GR.R_TC_12_maintainErrorcodes"/>
       <class name="testRepository.GR.maintainErrorCodes_GR.R_TC_13_maintainErrorcodes"/>
       <class name="testRepository.GR.maintainErrorCodes_GR.R_TC_15_maintainErrorcodes"/> 
         <class name="testRepository.GR.maintainErrorCodes_GR.R_TC_16_maintainErrorcodes"/> 
       <class name="testRepository.GR.maintainErrorCodes_GR.R_TC_17_maintainErrorcodes"/> 
     <class name="testRepository.GR.maintainErrorCodes_GR.R_TC_21_maintainErrorcodes"/>
       <class name="testRepository.GR.maintainErrorCodes_GR.R_TC_28_maintainErrorcodes"/>
</classes>
  </test> <!-- Test -->
</suite> <!-- Suite -->
