<?xml version="1.0" encoding="UTF-8"?>
<!DOCTYPE suite SYSTEM "http://testng.org/testng-1.0.dtd">
<suite name="Suite">
<listeners>
        <listener class-name="listeners.CustomListeners"/>
    <!--   <listener class-name="listeners.AnnotationTransformer"/>       
       <listener class-name="org.uncommons.reportng.HTMLReporter"/>
      <listener class-name="org.uncommons.reportng.JUnitXMLReporter"/> -->
  </listeners>
  <test name="Test">
    <classes>
      <class name="testRepository.GR.maintainReasoncodes_GR.G_TC_007_maintainReasoncodes"/>
      <class name="testRepository.GR.maintainReasoncodes_GR.G_TC_018_maintainReasoncodes"/>
      <class name="testRepository.GR.maintainReasoncodes_GR.G_TC25_R_TC27_maintainReasoncodes"/>
      <class name="testRepository.GR.maintainReasoncodes_GR.R_TC_001_maintainReasonCodes"/>
      <class name="testRepository.GR.maintainReasoncodes_GR.R_TC_004_maintainReasonCodes"/>
      <class name="testRepository.GR.maintainReasoncodes_GR.R_TC_005_maintainReasonCodes"/>
      <class name="testRepository.GR.maintainReasoncodes_GR.R_TC_006_maintainReasonCodes"/>
      <class name="testRepository.GR.maintainReasoncodes_GR.R_TC_010_maintainReasonCodes"/>
      <class name="testRepository.GR.maintainReasoncodes_GR.R_TC_013_maintainReasonCodes"/>
      <class name="testRepository.GR.maintainReasoncodes_GR.R_TC_014_maintainReasonCodes"/>
      <class name="testRepository.GR.maintainReasoncodes_GR.R_TC_015_maintainReasonCodes"/>
      <class name="testRepository.GR.maintainReasoncodes_GR.R_TC_019_maintainReasonCodes"/>
      <class name="testRepository.GR.maintainReasoncodes_GR.R_TC_023_maintainReasonCodes"/>
      <class name="testRepository.GR.maintainReasoncodes_GR.R_TC_040_maintainReasonCodes"/>    
    </classes>
  </test> <!-- Test -->
</suite> <!-- Suite -->
