<?xml version="1.0" encoding="UTF-8"?>
<!DOCTYPE suite SYSTEM "http://testng.org/testng-1.0.dtd">
<suite name="Suite">
<listeners>
        <listener class-name="listeners.CustomListeners"/>
    <!--   <listener class-name="listeners.AnnotationTransformer"/>       
       <listener class-name="org.uncommons.reportng.HTMLReporter"/>
      <listener class-name="org.uncommons.reportng.JUnitXMLReporter"/> -->
  </listeners>
  <test name="Test">
    <classes>
      <class name="testRepository.GR.manageQueues_GR.TC014_manageQueues"/>
      <class name="testRepository.GR.manageQueues_GR.TC081_manageQueues"/>
      <class name="testRepository.GR.manageQueues_GR.TC016_manageQueues"/>
      <class name="testRepository.GR.manageQueues_GR.TC012_manageQueues"/>
      <class name="testRepository.GR.manageQueues_GR.TC018_manageQueues"/>
      <class name="testRepository.GR.manageQueues_GR.TC083_manageQueues"/>
      <class name="testRepository.GR.manageQueues_GR.TC047_manageQueues"/>
      <class name="testRepository.GR.manageQueues_GR.TC010_manageQueues"/>
      <class name="testRepository.GR.manageQueues_GR.TC064_manageQueues"/>
      <class name="testRepository.GR.manageQueues_GR.TC115_manageQueues"/>
      <class name="testRepository.GR.manageQueues_GR.TC117_manageQueues"/>
      <class name="testRepository.GR.manageQueues_GR.TC043_manageQueues"/>
      <class name="testRepository.GR.manageQueues_GR.TC119_manageQueues"/>
      <class name="testRepository.GR.manageQueues_GR.TC045_manageQueues"/>
      <class name="testRepository.GR.manageQueues_GR.TC097_manageQueues"/>
      <class name="testRepository.GR.manageQueues_GR.TC093_manageQueues"/>
      <class name="testRepository.GR.manageQueues_GR.TC004_manageQueues"/>
      <class name="testRepository.GR.manageQueues_GR.TC041_manageQueues"/>
      <class name="testRepository.GR.manageQueues_GR.TC095_manageQueues"/>
      <class name="testRepository.GR.manageQueues_GR.TC006_manageQueues"/>
      <class name="testRepository.GR.manageQueues_GR.TC100_manageQueues"/>
      <class name="testRepository.GR.manageQueues_GR.TC027_manageQueues"/>
      <class name="testRepository.GR.manageQueues_GR.TC003_manageQueues"/>
      <class name="testRepository.GR.manageQueues_GR.TC028_manageQueues"/>
      <class name="testRepository.GR.manageQueues_GR.TC090_manageQueues"/>
      <class name="testRepository.GR.manageQueues_GR.TC090_manageQueues_c"/>
      <class name="testRepository.GR.manageQueues_GR.TC092_manageQueues"/>
      <class name="testRepository.GR.manageQueues_GR.TC002_manageQueues"/>
      <class name="testRepository.GR.manageQueues_GR.TC054_manageQueues"/>
      <class name="testRepository.GR.manageQueues_GR.TC055_manageQueues"/>
      <class name="testRepository.GR.manageQueues_GR.TC029_manageQueues"/>
      <class name="testRepository.GR.manageQueues_GR.TC001_manageQueues"/>
      <class name="testRepository.GR.manageQueues_GR.TC050_manageQueues"/>
      <class name="testRepository.GR.manageQueues_GR.TC051_manageQueues"/>
      <class name="testRepository.GR.manageQueues_GR.TC053_manageQueues"/>
      <class name="testRepository.GR.manageQueues_GR.TC052_manageQueues"/>
      <class name="testRepository.GR.manageQueues_GR.TC113_manageQueues"/>
      <class name="testRepository.GR.manageQueues_GR.TC015_manageQueues"/>
      <class name="testRepository.GR.manageQueues_GR.TC080_manageQueues"/>
      <class name="testRepository.GR.manageQueues_GR.TC013_manageQueues"/>
      <class name="testRepository.GR.manageQueues_GR.TC084_manageQueues"/>
      <class name="testRepository.GR.manageQueues_GR.TC017_manageQueues"/>
      <class name="testRepository.GR.manageQueues_GR.TC030_manageQueues"/>
      <class name="testRepository.GR.manageQueues_GR.TC103_manageQueues_c"/>
      <class name="testRepository.GR.manageQueues_GR.TC011_manageQueues"/>
      <class name="testRepository.GR.manageQueues_GR.TC065_manageQueues"/>
      <class name="testRepository.GR.manageQueues_GR.TC019_manageQueues"/>
      <class name="testRepository.GR.manageQueues_GR.TC081_manageQueues_c"/>
      <class name="testRepository.GR.manageQueues_GR.TC046_manageQueues"/>
      <class name="testRepository.GR.manageQueues_GR.TC082_manageQueues"/>
      <class name="testRepository.GR.manageQueues_GR.TC118_manageQueues"/>
      <class name="testRepository.GR.manageQueues_GR.TC084_manageQueues_c"/>
      <class name="testRepository.GR.manageQueues_GR.TC089_manageQueues_c"/>
      <class name="testRepository.GR.manageQueues_GR.TC044_manageQueues"/>
      <class name="testRepository.GR.manageQueues_GR.TC079_manageQueues"/>
      <class name="testRepository.GR.manageQueues_GR.TC005_manageQueues"/>
      <class name="testRepository.GR.manageQueues_GR.TC040_manageQueues"/>
      <class name="testRepository.GR.manageQueues_GR.TC093_manageQueues_c"/>
      <class name="testRepository.GR.manageQueues_GR.TC077_manageQueues"/>
      <class name="testRepository.GR.manageQueues_GR.TC120_manageQueues"/>
      <class name="testRepository.GR.manageQueues_GR.TC042_manageQueues"/>
      <class name="testRepository.GR.manageQueues_GR.TC009_manageQueues"/>
      <class name="testRepository.GR.manageQueues_GR.TC022_manageQueues"/>
      <class name="testRepository.GR.manageQueues_GR.TC072_manageQueues"/>
      <class name="testRepository.GR.manageQueues_GR.TC007_manageQueues"/>
      <class name="testRepository.GR.manageQueues_GR.TC020_manageQueues"/>
      <class name="testRepository.GR.manageQueues_GR.TC103_manageQueues"/>
      <class name="testRepository.GR.manageQueues_GR.TC076_manageQueues"/>
      <class name="testRepository.GR.manageQueues_GR.TC008_manageQueues"/>
      <class name="testRepository.GR.manageQueues_GR.TC021_manageQueues"/>
      <class name="testRepository.GR.manageQueues_GR.TC089_manageQueues"/>
      <class name="testRepository.GR.manageQueues_GR.TC048_manageQueues"/>
      <class name="testRepository.GR.manageQueues_GR.TC049_manageQueues"/>
      <class name="testRepository.GR.manageQueues_GR.TC035_manageQueues"/>
      <class name="testRepository.GR.manageQueues_GR.TC086_manageQueues"/>
      <class name="testRepository.GR.manageQueues_GR.TC033_manageQueues"/>
      <class name="testRepository.GR.manageQueues_GR.TC032_manageQueues"/>
      <class name="testRepository.GR.manageQueues_GR.TC085_manageQueues"/>
      <class name="testRepository.GR.manageQueues_GR.TC034_manageQueues"/>
      <class name="testRepository.GR.manageQueues_GR.TC031_manageQueues"/>
      <class name="testRepository.GR.manageQueues_GR.TC088_manageQueues"/>
    </classes>
  </test> <!-- Test -->
</suite> <!-- Suite -->
