<?xml version="1.0" encoding="UTF-8"?>
<!DOCTYPE suite SYSTEM "http://testng.org/testng-1.0.dtd">
<suite name="Suite">
<listeners>
        <listener class-name="listeners.CustomListeners"/>
    <!--   <listener class-name="listeners.AnnotationTransformer"/>       
       <listener class-name="org.uncommons.reportng.HTMLReporter"/>
      <listener class-name="org.uncommons.reportng.JUnitXMLReporter"/> -->
  </listeners>
  <test name="Test">
    <classes>
      <class name="testRepository.GR.partnerMaintenance_GR.TC_01_PartnerMaintenance"/>
      <class name="testRepository.GR.partnerMaintenance_GR.TC_04_PartnerMaintenance"/>
      <class name="testRepository.GR.partnerMaintenance_GR.TC_06_11_PartnerMaintenance"/>
         <class name="testRepository.GR.partnerMaintenance_GR.TC_07_PartnerMaintenance"/>
         <class name="testRepository.GR.partnerMaintenance_GR.TC_08_PartnerMaintenance"/>
         <class name="testRepository.GR.partnerMaintenance_GR.TC_09_48_PartnerMaintenance"/>
          <class name="testRepository.GR.partnerMaintenance_GR.TC_10_PartnerMaintenance"/>
           <class name="testRepository.GR.partnerMaintenance_GR.TC_16_18_PartnerMaintenance"/>
            <class name="testRepository.GR.partnerMaintenance_GR.TC_19_PartnerMaintenance"/>
            <class name="testRepository.GR.partnerMaintenance_GR.TC_21_PartnerMaintenance"/>
          <class name="testRepository.GR.partnerMaintenance_GR.TC_46_47_PartnerMaintenance"/>
    </classes>
  </test> <!-- Test -->
</suite> <!-- Suite -->
