<?xml version="1.0" encoding="UTF-8"?>
<!DOCTYPE suite SYSTEM "http://testng.org/testng-1.0.dtd">
<suite name="Suite">
<listeners>
        <listener class-name="listeners.CustomListeners"/>
    <!--   <listener class-name="listeners.AnnotationTransformer"/>       
       <listener class-name="org.uncommons.reportng.HTMLReporter"/>
      <listener class-name="org.uncommons.reportng.JUnitXMLReporter"/> -->
  </listeners>
  <test name="Test">
    <classes>
     <class name="testRepository.GR.QueueAssignment_GR.G_TC_13_queueAssignment"/>
     <class name="testRepository.GR.QueueAssignment_GR.R_TC_06_queuesAssignment"/>
     <class name="testRepository.GR.QueueAssignment_GR.R_TC_07_queuesAssignment"/>
     <class name="testRepository.GR.QueueAssignment_GR.R_TC12_1_queuesAssignment"/>
      <class name="testRepository.GR.QueueAssignment_GR.R_TC12_2_queuesAssignment"/>
      <class name="testRepository.GR.QueueAssignment_GR.R_TC12_3_queuesAssignment"/>
      <class name="testRepository.GR.QueueAssignment_GR.R_TC_13_queuesAssignment"/>
      <class name="testRepository.GR.QueueAssignment_GR.R_TC_14_queuesAssignment"/>
      <class name="testRepository.GR.QueueAssignment_GR.R_TC_27_28_queueAssignment"/>
      <class name="testRepository.GR.QueueAssignment_GR.R_TC_29_30_queueAssignment"/>
      <class name="testRepository.GR.QueueAssignment_GR.R_TC_31_32_queueAssignment"/>
      <class name="testRepository.GR.QueueAssignment_GR.R_TC_33_34_queueAssignment"/>
      <class name="testRepository.GR.QueueAssignment_GR.R_TC_35_37_queueAssignment"/>
      <class name="testRepository.GR.QueueAssignment_GR.R_TC_36_38_queueAssignment"/>
      <class name="testRepository.GR.QueueAssignment_GR.R_TC_51_queuesAssignment"/>
      <class name="testRepository.GR.QueueAssignment_GR.R_TC_52_queuesAssignment"/>
      <class name="testRepository.GR.QueueAssignment_GR.R_TC_60_queuesAssignment"/>
      <class name="testRepository.GR.QueueAssignment_GR.R_TC_61_queuesAssignment"/>
      <class name="testRepository.GR.QueueAssignment_GR.R_TC_62_queuesAssignment"/>
      <class name="testRepository.GR.QueueAssignment_GR.R_TC_68_queuesAssignment"/>
      <class name="testRepository.GR.QueueAssignment_GR.R_TC_70_queuesAssignment"/>
      <class name="testRepository.GR.QueueAssignment_GR.R_TC_78_queuesAssignment"/>
      <class name="testRepository.GR.QueueAssignment_GR.R_TC_82_queuesAssignment"/>
      
    </classes>
  </test> <!-- Test -->
</suite> <!-- Suite -->
