<?xml version="1.0" encoding="UTF-8"?>
<!DOCTYPE suite SYSTEM "http://testng.org/testng-1.0.dtd">
<suite name="Suite">
<listeners>
        <listener class-name="listeners.CustomListeners"/>
    <!--   <listener class-name="listeners.AnnotationTransformer"/>       
       <listener class-name="org.uncommons.reportng.HTMLReporter"/>
      <listener class-name="org.uncommons.reportng.JUnitXMLReporter"/> -->
  </listeners>
  <test name="Test">
    <classes>
      <class name="testRepository.GR.recordProductiveTime_GR.G_TC_02_recordProductivitytime"/>
      <class name="testRepository.GR.recordProductiveTime_GR.G_TC_03_recordProductivitytime"/>
      <class name="testRepository.GR.recordProductiveTime_GR.G_TC_06_recordProductivitytime"/>
      <class name="testRepository.GR.recordProductiveTime_GR.R_TC_07_recordProductivitytime"/>
      <class name="testRepository.GR.recordProductiveTime_GR.R_TC_09_recordProductivitytime"/>
    </classes>
  </test> <!-- Test -->
</suite> <!-- Suite -->