<?xml version="1.0" encoding="UTF-8"?>
<!DOCTYPE suite SYSTEM "http://testng.org/testng-1.0.dtd">
<suite name="Suite">
<listeners>
        <listener class-name="listeners.CustomListeners"/>
    <!--   <listener class-name="listeners.AnnotationTransformer"/>       
       <listener class-name="org.uncommons.reportng.HTMLReporter"/>
      <listener class-name="org.uncommons.reportng.JUnitXMLReporter"/> -->
  </listeners>
  <test name="Test">
    <classes>
      <class name="testRepository.GR.reDos_GR.G_TC_01"/>
      <class name="testRepository.GR.reDos_GR.G_TC_13p2"/>
      <class name="testRepository.GR.reDos_GR.G_TC_15_17"/>
      <class name="testRepository.GR.reDos_GR.G_TC_21_13p1"/> 
      <class name="testRepository.GR.reDos_GR.R_TC_05"/>
      <class name="testRepository.GR.reDos_GR.R_TC_06"/>
      <class name="testRepository.GR.reDos_GR.R_TC_16"/>
      <class name="testRepository.GR.reDos_GR.R_TC_20"/>
    </classes>
  </test> <!-- Test -->
</suite> <!-- Suite -->
