<?xml version="1.0" encoding="UTF-8"?>
<!DOCTYPE suite SYSTEM "http://testng.org/testng-1.0.dtd">
<suite name="Suite">
<listeners>
        <listener class-name="listeners.CustomListeners"/>
    <!--   <listener class-name="listeners.AnnotationTransformer"/>       
       <listener class-name="org.uncommons.reportng.HTMLReporter"/>
      <listener class-name="org.uncommons.reportng.JUnitXMLReporter"/> -->
  </listeners>
  <test name="Test">
    <classes>
      <class name="roleManagement.R_TC1_roleManagement"/>
      <class name="roleManagement.R_TC5_roleManagement"/>
      <class name="roleManagement.R_TC6_roleManagement"/>
      <class name="roleManagement.R_TC7_roleManagement"/>
      <class name="roleManagement.R_TC18_roleManagement"/>
      <class name="roleManagement.R_TC39_roleManagement"/>
      <class name="roleManagement.R_TC44_roleManagement"/>
      <class name="roleManagement.R_TC55_roleManagement"/>
 </classes>
  </test> <!-- Test -->
</suite> <!-- Suite -->
