<?xml version="1.0" encoding="UTF-8"?>
<!DOCTYPE suite SYSTEM "http://testng.org/testng-1.0.dtd">
<suite name="Suite">
<listeners>
        <listener class-name="listeners.CustomListeners"/>
    <!--   <listener class-name="listeners.AnnotationTransformer"/>       
       <listener class-name="org.uncommons.reportng.HTMLReporter"/>
      <listener class-name="org.uncommons.reportng.JUnitXMLReporter"/> -->
  </listeners>
  <test name="Test">
    <classes>
	<class name="testRepository.GR.roleManagement_GR.G_TC_02_roleManagement"/>
	<class name="testRepository.GR.roleManagement_GR.G_TC_03_roleManagement"/>
      <class name="testRepository.GR.roleManagement_GR.G_TC_21_roleManagement"/>
	<class name="testRepository.GR.roleManagement_GR.G_TC_26_1_roleManagement"/>
	<class name="testRepository.GR.roleManagement_GR.G_TC_26_2_roleManagement"/>
	<class name="testRepository.GR.roleManagement_GR.R_TC_04_roleManagement"/>
	<class name="testRepository.GR.roleManagement_GR.R_TC_11_roleManagement"/>
	<class name="testRepository.GR.roleManagement_GR.R_TC_13_roleManagement"/>
	<class name="testRepository.GR.roleManagement_GR.R_TC_14_roleManagement"/>
	<class name="testRepository.GR.roleManagement_GR.R_TC_15_roleManagement"/>
	<class name="testRepository.GR.roleManagement_GR.R_TC_16_roleManagement"/>
	<class name="testRepository.GR.roleManagement_GR.R_TC_17_roleManagement"/>
	<class name="testRepository.GR.roleManagement_GR.R_TC_19_roleManagement"/>
	<class name="testRepository.GR.roleManagement_GR.R_TC_25_roleManagement"/>
	<class name="testRepository.GR.roleManagement_GR.R_TC_29_roleManagement"/>
	<class name="testRepository.GR.roleManagement_GR.R_TC_30_roleManagement"/>
	
  </classes>
  </test> <!-- Test -->
</suite> <!-- Suite -->
