<?xml version="1.0" encoding="UTF-8"?>
<!DOCTYPE suite SYSTEM "http://testng.org/testng-1.0.dtd">
<suite name="Suite">
<listeners>
        <listener class-name="listeners.CustomListeners"/>
    <!--   <listener class-name="listeners.AnnotationTransformer"/>       
       <listener class-name="org.uncommons.reportng.HTMLReporter"/>
      <listener class-name="org.uncommons.reportng.JUnitXMLReporter"/> -->
  </listeners>
  <test name="Test">
    <classes>
     <class name="testRepository.GR.searchView_GR.G_TC_45"/>
       <class name="testRepository.GR.searchView_GR.R_TC_34"/>
      <class name="testRepository.GR.searchView_GR.R_TC_35"/>
      <class name="testRepository.GR.searchView_GR.R_TC_36"/>
        <class name="testRepository.GR.searchView_GR.R_TC_37"/>
      <class name="testRepository.GR.searchView_GR.R_TC_38"/>
      <class name="testRepository.GR.searchView_GR.R_TC_39"/>
      <class name="testRepository.GR.searchView_GR.R_TC_40"/>
      <class name="testRepository.GR.searchView_GR.R_TC_41"/>
      <class name="testRepository.GR.searchView_GR.R_TC_47"/>
      <class name="testRepository.GR.searchView_GR.R_TC_55"/>
    </classes>
  </test> <!-- Test -->
</suite> <!-- Suite -->