<?xml version="1.0" encoding="UTF-8"?>
<!DOCTYPE suite SYSTEM "http://testng.org/testng-1.0.dtd">
<suite name="Suite">
<listeners>
        <listener class-name="listeners.CustomListeners"/>
    <!--   <listener class-name="listeners.AnnotationTransformer"/>       
       <listener class-name="org.uncommons.reportng.HTMLReporter"/>
      <listener class-name="org.uncommons.reportng.JUnitXMLReporter"/> -->
  </listeners>
  <test name="Test">
    <classes>
      <class name="testRepository.GR.timecardManagement_GR.R_G_TC28_18_timecardManagement"/>
      <class name="testRepository.GR.timecardManagement_GR.G_TC17_timecardmanagement"/>
      <class name="testRepository.GR.timecardManagement_GR.R_TC13_timecardManagement"/>
      <class name="testRepository.GR.timecardManagement_GR.R_TC21_timecardManagement"/>
      <class name="testRepository.GR.timecardManagement_GR.R_TC29_internalWorkitem"/>
      <class name="testRepository.GR.timecardManagement_GR.R_TC22_timecardManagement"/>
      <class name="testRepository.GR.timecardManagement_GR.R_TC27_timecardManagement"/>
      <class name="testRepository.GR.timecardManagement_GR.G_TC19_timecardManagement"/>
      <class name="testRepository.GR.timecardManagement_GR.R_TC24_timecardManagement"/>
      <class name="testRepository.GR.timecardManagement_GR.R_TC15_timecardManagement"/>
    </classes>
  </test> <!-- Test -->
</suite> <!-- Suite -->