<?xml version="1.0" encoding="UTF-8"?>
<!DOCTYPE suite SYSTEM "http://testng.org/testng-1.0.dtd">
<suite name="Suite">
<listeners>
        <listener class-name="listeners.CustomListeners"/>
    <!--   <listener class-name="listeners.AnnotationTransformer"/>       
       <listener class-name="org.uncommons.reportng.HTMLReporter"/>
      <listener class-name="org.uncommons.reportng.JUnitXMLReporter"/> -->
  </listeners>
  <test name="Test">
    <classes>
      <class name="testRepository.GR.transmissionLog_GR.G_TC_03"/>
      <class name="testRepository.GR.transmissionLog_GR.G_TC_05"/>
      <class name="testRepository.GR.transmissionLog_GR.G_TC_15"/>
      <class name="testRepository.GR.transmissionLog_GR.R_TC_01"/>
      <class name="testRepository.GR.transmissionLog_GR.R_TC_09"/>
      <class name="testRepository.GR.transmissionLog_GR.R_TC_10"/>
      <class name="testRepository.GR.transmissionLog_GR.TC007p1"/>
      <class name="testRepository.GR.transmissionLog_GR.TC007p2"/>
      <class name="testRepository.GR.transmissionLog_GR.TC008"/>
  
      <class name="testRepository.GR.transmissionLog_GR.TC011p1"/>
      <class name="testRepository.GR.transmissionLog_GR.TC011p2"/>
    <class name="testRepository.GR.transmissionLog_GR.TC011p3"/>
    
      <class name="testRepository.GR.transmissionLog_GR.TC018"/>
    </classes>
  </test> <!-- Test -->
</suite> <!-- Suite -->
