<?xml version="1.0" encoding="UTF-8"?>
<!DOCTYPE suite SYSTEM "http://testng.org/testng-1.0.dtd">
<suite name="Suite">
<listeners>
        <listener class-name="listeners.CustomListeners"/>
    <!--   <listener class-name="listeners.AnnotationTransformer"/>       
       <listener class-name="org.uncommons.reportng.HTMLReporter"/>
      <listener class-name="org.uncommons.reportng.JUnitXMLReporter"/> -->
  </listeners>
  <test name="Test">
    <classes>
     <class name="testRepository.GR.userDashboard_GR.TC_01"/>
     <class name="testRepository.GR.userDashboard_GR.TC_02_03"/>
     <class name="testRepository.GR.userDashboard_GR.TC_06"/>
      <class name="testRepository.GR.userDashboard_GR.TC_10"/>
     <class name="testRepository.GR.userDashboard_GR.TC_12"/>
      <class name="testRepository.GR.userDashboard_GR.TC_13"/>
      <class name="testRepository.GR.userDashboard_GR.TC_14"/>
       <class name="testRepository.GR.userDashboard_GR.TC_16"/>
       <class name="testRepository.GR.userDashboard_GR.TC_22"/>
       <class name="testRepository.GR.userDashboard_GR.TC_23"/>
      <class name="testRepository.GR.userDashboard_GR.TC_25"/>
    <class name="testRepository.GR.userDashboard_GR.TC_27p1"/>
   </classes>
  </test> <!-- Test -->
</suite> <!-- Suite -->
