<?xml version="1.0" encoding="UTF-8"?>
<!DOCTYPE suite SYSTEM "http://testng.org/testng-1.0.dtd">
<suite name="Suite">
  <test name="Test">
    <classes>
       <class name="testRepository.GR.userProfile_GR.G_TC002_userProfile"/>
       <class name="testRepository.GR.userProfile_GR.G_TC008_userProfile"/>
       <class name="testRepository.GR.userProfile_GR.G_TC013_userProfile"/>
       <class name="testRepository.GR.userProfile_GR.G_TC014_userProfile"/>
       <class name="testRepository.GR.userProfile_GR.G_TC015_userProfile"/>
       <class name="testRepository.GR.userProfile_GR.R_TC007_userProfile"/>
       <class name="testRepository.GR.userProfile_GR.R_TC009_userProfile"/>
       <class name="testRepository.GR.userProfile_GR.R_TC010_1_userProfile"/>
       <class name="testRepository.GR.userProfile_GR.R_TC010_2_userProfile"/>
       <class name="testRepository.GR.userProfile_GR.R_TC011_userProfile"/>
       <class name="testRepository.GR.userProfile_GR.R_TC015_userProfile"/>
       <class name="testRepository.GR.userProfile_GR.R_TC017_2_userProfile"/>
       <class name="testRepository.GR.userProfile_GR.R_TC031_userProfile"/>
      <class name="testRepository.GR.userProfile_GR.R_TC034_userProfile"/>
    </classes>
  </test> <!-- Test -->
</suite> <!-- Suite -->