<?xml version="1.0" encoding="UTF-8"?>
<extentreports>
  <configuration>
  <!--document encoding  -->
  <!--defaults to UTF-8  -->
  <encoding>UTF-8</encoding>
  <!--protocol for script and stylesheets -->
  <!-- defaults to https -->
  <protocol>https</protocol>
  <!-- report theme  -->
  <!-- standard Dark  -->
  <theme>dark</theme>
  <!--title of the document -->
  <documentTitle>HERO</documentTitle>  
  <!--report name - displayed at top-nav  -->
  <reportName>HERO WEB Automation Report</reportName>
  <!-- report headline -displayed at top-nav,after reportHeadline -->
  <reportHeadline></reportHeadline>
  
 <enableCategoryView>true</enableCategoryView>
<enableAuthorView>false</enableAuthorView>
<enableExceptionView>true</enableExceptionView>
<enableTestRunnerLogsView>true</enableTestRunnerLogsView>
  <!-- global date format override  -->
  <!-- defaults to HH:mm:ss  -->
  <dateFormat>yyyy-MM-dd</dateFormat>
  <!-- global time format override  -->
  <!-- defaults to HH:mm:ss  -->
  <timeFormat>HH:mm:ss</timeFormat>
  <!--custom javascript  -->
  <scripts>
    <![CDATA[$(document).ready(function() {});]]>
    </scripts>
   <scripts>
    <![CDATA[$(document).ready(function() {$('.dashboard-view').click(); }) ;]]> 	 	
    </scripts>
  <!-- custom styles  -->
  <styles><![CDATA[                    ]]></styles>
  </configuration>
  </extentreports>